{"a": [[1, 1.6666666666666667, 2.3333333333333335], [0, 1, 1.25], [0, 0, 1]], "b": [-4.0, -13.000000000000002, 11.000000000000002], "py/object": "matrixClass.MyMatrix", "x": [-4.0, -13.000000000000002, 11.000000000000002]}