{"a": [[2, -1, 0, 0, 0], [-3, 8, -1, 0, 0], [0, -5, 12, 2, 0], [0, 0, -6, 18, -4], [0, 0, 0, -5, 10]], "b": [-25, 72, -69, -156, 20], "py/object": "matrixClass.MyMatrix", "x": [-10.0, 5.0, -2.000000000000001, -9.999999999999998, -2.9999999999999996]}